op_id	desc	proc	level
0	Operation <0>		
1	main <1>	CPU Processor 0x1d00000000000004	2
3	hits <3>	CPU Processor 0x1d00000000000004	3
4	hits <4>	CPU Processor 0x1d00000000000002	2
5	hits <5>	CPU Processor 0x1d00000000000004	3
6	hits <6>	CPU Processor 0x1d00000000000004	3
7	__binary_int64_int64_+ <7>	CPU Processor 0x1d00000000000002	2
8	__binary_int64_int64_+ <8>	CPU Processor 0x1d00000000000002	2
9	__binary_int64_int64_+ <9>	CPU Processor 0x1d00000000000002	2
10	__binary_int64_double_/ <10>	CPU Processor 0x1d00000000000002	2
